outer_fold,model,mean_fit_time,std_fit_time,mean_score_time,std_score_time,param_model__early_stopping,param_model__l2_regularization,param_model__learning_rate,param_model__max_iter,param_model__max_leaf_nodes,param_model__min_samples_leaf,param_model__n_iter_no_change,params,split0_test_score,split1_test_score,split2_test_score,split3_test_score,mean_test_score,std_test_score,rank_test_score
1,HistGradientBoosting,2067.517950832844,19.944697959822335,94.52138036489487,2.6668891610625494,False,0.0,0.05,800,31,40,,"{'model__early_stopping': False, 'model__l2_regularization': 0.0, 'model__learning_rate': 0.05, 'model__max_iter': 800, 'model__max_leaf_nodes': 31, 'model__min_samples_leaf': 40}",0.969719945512579,0.969481672928254,0.9699006620332479,0.9729785820211275,0.9705202156238021,0.001427096280604489,1
1,HistGradientBoosting,621.1366840004921,20.44371731863565,31.352685272693634,0.8394550579610802,True,0.0,0.05,400,31,20,20.0,"{'model__early_stopping': True, 'model__l2_regularization': 0.0, 'model__learning_rate': 0.05, 'model__max_iter': 400, 'model__max_leaf_nodes': 31, 'model__min_samples_leaf': 20, 'model__n_iter_no_change': 20}",0.9663805901485448,0.9658010829646989,0.964887525482803,0.9680775644757339,0.9662866907679452,0.0011629191894373626,8
1,HistGradientBoosting,648.4482577443123,19.58993323996236,32.430439472198486,1.4558452070383523,True,0.0,0.05,400,31,40,20.0,"{'model__early_stopping': True, 'model__l2_regularization': 0.0, 'model__learning_rate': 0.05, 'model__max_iter': 400, 'model__max_leaf_nodes': 31, 'model__min_samples_leaf': 40, 'model__n_iter_no_change': 20}",0.9665482344614869,0.9653499659295159,0.965381249507907,0.9681898874608014,0.9663673343399278,0.0011577809066087824,7
1,HistGradientBoosting,580.8679446578026,13.645306309934425,23.919343650341034,2.155797581631465,True,0.0,0.05,400,63,20,20.0,"{'model__early_stopping': True, 'model__l2_regularization': 0.0, 'model__learning_rate': 0.05, 'model__max_iter': 400, 'model__max_leaf_nodes': 63, 'model__min_samples_leaf': 20, 'model__n_iter_no_change': 20}",0.9653199445402281,0.9647752169649915,0.9640912975910019,0.9665431190810838,0.9651823945443263,0.0008981616515100924,16
1,HistGradientBoosting,585.3480370640755,6.424170233498837,26.07418805360794,1.5945275518915376,True,0.0,0.05,400,63,40,20.0,"{'model__early_stopping': True, 'model__l2_regularization': 0.0, 'model__learning_rate': 0.05, 'model__max_iter': 400, 'model__max_leaf_nodes': 63, 'model__min_samples_leaf': 40, 'model__n_iter_no_change': 20}",0.9652971041293088,0.9656027550108506,0.9651154072976377,0.967429493074828,0.9658611898781562,0.0009220558397932998,13
1,HistGradientBoosting,725.1156061887741,25.186442974912303,34.716708064079285,0.2706951556010516,True,0.1,0.05,400,31,20,20.0,"{'model__early_stopping': True, 'model__l2_regularization': 0.1, 'model__learning_rate': 0.05, 'model__max_iter': 400, 'model__max_leaf_nodes': 31, 'model__min_samples_leaf': 20, 'model__n_iter_no_change': 20}",0.9665461264388431,0.9657107901609154,0.966528534276661,0.9679839114800356,0.9666923405891138,0.0008185059094337234,5
1,HistGradientBoosting,732.5809396505356,53.56079907579491,34.73530513048172,2.2478465915985204,True,0.1,0.05,400,31,40,20.0,"{'model__early_stopping': True, 'model__l2_regularization': 0.1, 'model__learning_rate': 0.05, 'model__max_iter': 400, 'model__max_leaf_nodes': 31, 'model__min_samples_leaf': 40, 'model__n_iter_no_change': 20}",0.9665912536656361,0.965838834325954,0.9653160576731742,0.9681192808843727,0.9664663566372843,0.0010564953611296737,6
1,HistGradientBoosting,664.101572394371,35.835424104390626,30.511709451675415,2.343359943337569,True,0.1,0.05,400,63,20,20.0,"{'model__early_stopping': True, 'model__l2_regularization': 0.1, 'model__learning_rate': 0.05, 'model__max_iter': 400, 'model__max_leaf_nodes': 63, 'model__min_samples_leaf': 20, 'model__n_iter_no_change': 20}",0.9651253076064626,0.9643111051874178,0.9641426489991262,0.9669570109350697,0.965134018182019,0.0011161739453681707,17
1,HistGradientBoosting,695.7612863779068,26.603872711668735,34.46681725978851,1.7607097184464255,True,0.1,0.05,400,63,40,20.0,"{'model__early_stopping': True, 'model__l2_regularization': 0.1, 'model__learning_rate': 0.05, 'model__max_iter': 400, 'model__max_leaf_nodes': 63, 'model__min_samples_leaf': 40, 'model__n_iter_no_change': 20}",0.9657652128380115,0.9648968462130137,0.9653498775023764,0.9685896224499337,0.9661503897508339,0.0014413889721090506,9
1,HistGradientBoosting,1020.5509249567986,44.49080586071951,48.20780783891678,2.191825810665596,True,1.0,0.05,400,31,20,20.0,"{'model__early_stopping': True, 'model__l2_regularization': 1.0, 'model__learning_rate': 0.05, 'model__max_iter': 400, 'model__max_leaf_nodes': 31, 'model__min_samples_leaf': 20, 'model__n_iter_no_change': 20}",0.9659260946568593,0.9660585920445619,0.9664001359020171,0.9694951258921959,0.9669699871239086,0.001468111770916837,3
1,HistGradientBoosting,990.0937502384186,66.67230190010349,51.25653380155563,2.407393889166783,True,1.0,0.05,400,31,40,20.0,"{'model__early_stopping': True, 'model__l2_regularization': 1.0, 'model__learning_rate': 0.05, 'model__max_iter': 400, 'model__max_leaf_nodes': 31, 'model__min_samples_leaf': 40, 'model__n_iter_no_change': 20}",0.9660750505293466,0.9667632733191964,0.9663217787584453,0.9690151153768058,0.9670438044959484,0.0011645352875224997,2
1,HistGradientBoosting,1061.4308469891548,106.10548109741552,51.30252814292908,3.393982290291571,True,1.0,0.05,400,63,20,20.0,"{'model__early_stopping': True, 'model__l2_regularization': 1.0, 'model__learning_rate': 0.05, 'model__max_iter': 400, 'model__max_leaf_nodes': 63, 'model__min_samples_leaf': 20, 'model__n_iter_no_change': 20}",0.9661791649796309,0.9655364399189422,0.9645227535521494,0.9673780063150663,0.9659040911914473,0.0010357789957918249,12
1,HistGradientBoosting,991.5821405649185,56.559951458982184,51.549784779548645,3.8659282908081383,True,1.0,0.05,400,63,40,20.0,"{'model__early_stopping': True, 'model__l2_regularization': 1.0, 'model__learning_rate': 0.05, 'model__max_iter': 400, 'model__max_leaf_nodes': 63, 'model__min_samples_leaf': 40, 'model__n_iter_no_change': 20}",0.9653249655005792,0.9655499935786174,0.965067840552588,0.967250396468559,0.965798299025086,0.000855549061356661,14
1,HistGradientBoosting,902.0049204826355,15.769979334334304,25.836838483810425,1.9464099518486606,True,0.0,0.03,600,31,20,20.0,"{'model__early_stopping': True, 'model__l2_regularization': 0.0, 'model__learning_rate': 0.03, 'model__max_iter': 600, 'model__max_leaf_nodes': 31, 'model__min_samples_leaf': 20, 'model__n_iter_no_change': 20}",0.9657270602242825,0.9653884031183033,0.9654435261041853,0.9677563792822975,0.9660788421822671,0.0009770125239804302,10
1,HistGradientBoosting,854.9377349019051,12.489971852751555,21.19709151983261,0.7318349498019102,True,0.0,0.03,800,31,20,20.0,"{'model__early_stopping': True, 'model__l2_regularization': 0.0, 'model__learning_rate': 0.03, 'model__max_iter': 800, 'model__max_leaf_nodes': 31, 'model__min_samples_leaf': 20, 'model__n_iter_no_change': 20}",0.9657270602242825,0.9653884031183033,0.9654435261041853,0.9677563792822975,0.9660788421822671,0.0009770125239804302,10
1,HistGradientBoosting,446.10848516225815,3.0388636255455657,18.649178981781006,1.509156101208433,True,0.0,0.07,300,31,20,20.0,"{'model__early_stopping': True, 'model__l2_regularization': 0.0, 'model__learning_rate': 0.07, 'model__max_iter': 300, 'model__max_leaf_nodes': 31, 'model__min_samples_leaf': 20, 'model__n_iter_no_change': 20}",0.9656727833595694,0.9658379082638183,0.9662224918678588,0.9691747990032966,0.9667269956236358,0.001427244307762971,4
1,HistGradientBoosting,636.0888958573341,22.661089895773987,17.980903267860413,0.40520360249733073,True,0.1,0.03,800,63,10,30.0,"{'model__early_stopping': True, 'model__l2_regularization': 0.1, 'model__learning_rate': 0.03, 'model__max_iter': 800, 'model__max_leaf_nodes': 63, 'model__min_samples_leaf': 10, 'model__n_iter_no_change': 30}",0.965077522100866,0.9646934881306586,0.964873854725545,0.9673951051405094,0.9655099925243947,0.0010968170958252045,15
1,HistGradientBoosting,448.8889757990837,24.82830508390614,12.030673325061798,0.3897481752388178,True,0.0,0.05,400,127,20,20.0,"{'model__early_stopping': True, 'model__l2_regularization': 0.0, 'model__learning_rate': 0.05, 'model__max_iter': 400, 'model__max_leaf_nodes': 127, 'model__min_samples_leaf': 20, 'model__n_iter_no_change': 20}",0.9632971515527198,0.9630659968025703,0.9633753010110859,0.9652896400024265,0.9637570223422006,0.0008921358509923187,18
