true_label,predicted_label,count
N,M,279
M,N,129
O,C,76
U,R,72
H,G,70
G,H,52
J,I,45
P,Q,41
E,S,41
V,U,41
X,S,39
Q,N,38
Y,A,37
W,V,36
S,M,33
I,J,32
C,O,31
R,U,31
A,M,29
D,O,28
E,M,26
X,M,24
C,Q,24
H,C,24
Q,P,23
N,Q,23
S,N,21
W,U,21
I,S,21
U,V,21
I,M,20
R,N,20
X,Z,20
P,N,20
U,X,19
J,H,19
X,R,19
A,O,19
O,N,18
Z,G,18
I,X,18
T,N,18
L,M,17
Z,M,17
Z,X,17
S,X,17
L,R,17
U,W,17
Z,S,16
P,C,16
X,N,16
C,H,16
W,M,15
Z,N,15
D,C,15
L,I,15
I,E,15
J,C,15
E,N,14
J,G,14
M,S,14
K,M,13
K,R,13
M,A,13
N,O,13
R,K,13
R,S,13
Y,M,13
Q,C,13
A,C,13
B,M,12
N,R,12
S,G,12
G,J,12
T,S,12
Q,O,12
K,G,12
S,J,12
C,N,12
V,K,12
Z,A,12
X,C,12
O,Q,12
O,M,12
G,M,12
W,F,11
H,J,11
H,O,11
I,N,11
S,Z,11
A,Z,11
L,Z,11
A,X,11
S,H,11
A,N,11
R,X,11
K,V,11
Z,I,11
O,H,11
D,I,10
I,K,10
I,D,10
J,O,10
M,E,10
J,Z,10
Q,H,10
P,M,10
O,D,10
I,Z,10
N,S,10
Z,J,10
X,O,10
E,X,10
X,I,10
Y,C,10
A,Y,9
S,A,9
M,C,9
H,X,9
I,L,9
F,M,9
J,S,9
N,A,9
Q,M,9
P,H,9
P,G,9
Y,Z,9
A,I,9
H,Q,9
T,X,9
H,M,9
G,C,9
H,N,8
A,S,8
Y,I,8
X,T,8
J,N,8
Y,N,8
R,G,8
W,B,8
T,A,8
Y,O,8
P,O,8
T,M,8
W,X,8
X,G,8
I,A,8
X,A,8
O,F,8
L,N,8
I,C,8
V,W,7
Y,J,7
L,O,7
E,O,7
R,M,7
G,N,7
E,T,7
Y,X,7
Y,S,7
F,C,7
J,E,7
A,R,7
S,E,7
U,O,7
U,K,7
F,O,7
I,O,7
S,I,7
W,O,7
M,Z,7
O,W,6
W,N,6
G,O,6
O,Z,6
Z,C,6
M,O,6
K,X,6
U,M,6
C,J,6
E,C,6
M,H,6
T,O,6
U,N,6
T,C,6
R,T,6
J,A,6
X,H,6
X,E,6
D,F,6
M,T,6
V,R,6
R,V,6
U,S,6
F,N,6
N,H,6
D,H,6
N,B,5
C,P,5
M,X,5
M,Y,5
M,W,5
D,Z,5
O,A,5
T,R,5
Z,T,5
X,J,5
B,C,5
U,H,5
U,G,5
U,D,5
T,Q,5
P,A,5
B,N,5
S,O,5
R,W,5
R,B,5
Q,R,5
P,J,5
M,Q,5
Z,Y,5
D,M,5
J,M,5
H,Z,5
G,Z,5
G,S,5
G,Q,5
L,A,5
L,E,5
D,N,5
F,W,5
D,U,5
D,X,5
I,R,5
M,J,5
Z,H,4
X,D,4
O,I,4
T,H,4
W,R,4
B,W,4
M,G,4
O,S,4
O,U,4
W,I,4
I,G,4
T,P,4
P,B,4
E,A,4
M,P,4
P,X,4
P,T,4
U,Z,4
D,Q,4
U,I,4
H,R,4
U,F,4
N,D,4
E,B,4
M,B,4
A,Q,4
N,I,4
E,I,4
Z,O,4
E,Z,4
Y,L,4
N,P,4
C,M,4
F,G,4
I,W,4
N,T,4
F,Q,4
B,Q,4
X,L,4
P,S,4
I,V,3
R,Q,3
M,L,3
T,I,3
J,Q,3
H,Y,3
S,Y,3
T,E,3
B,R,3
J,B,3
S,C,3
D,G,3
G,K,3
H,S,3
V,I,3
A,E,3
Z,U,3
Z,Q,3
A,J,3
Z,D,3
E,J,3
D,Y,3
A,P,3
F,K,3
A,T,3
F,S,3
F,U,3
F,X,3
G,A,3
G,D,3
G,F,3
W,K,3
G,X,3
V,Q,3
V,P,3
V,M,3
R,O,3
C,G,3
L,C,3
K,U,3
K,I,3
P,D,3
N,X,3
L,T,3
R,A,3
N,Y,3
L,J,3
L,X,3
O,E,3
O,J,3
K,N,3
O,Y,3
W,J,2
O,X,2
W,L,2
G,P,2
O,P,2
W,G,2
R,E,2
G,U,2
V,S,2
D,S,2
V,L,2
V,H,2
V,G,2
V,C,2
P,I,2
B,D,2
B,H,2
U,T,2
B,J,2
H,F,2
R,F,2
O,G,2
O,L,2
X,B,2
M,F,2
M,D,2
A,G,2
L,Y,2
E,G,2
N,C,2
Z,F,2
Z,E,2
Z,B,2
E,L,2
E,R,2
Y,R,2
Y,Q,2
L,Q,2
Y,H,2
Y,G,2
F,H,2
F,J,2
X,U,2
F,R,2
X,K,2
O,B,2
D,E,2
H,P,2
K,S,2
J,T,2
J,D,2
J,L,2
Q,J,2
Q,X,2
T,D,2
S,R,2
S,Q,2
Q,G,2
J,Y,2
T,K,2
S,P,2
R,Z,2
R,C,2
B,V,2
D,P,2
Q,L,2
I,Y,2
C,E,2
H,W,2
D,J,2
S,F,2
T,Y,2
R,H,2
R,I,2
U,A,2
Y,D,1
F,B,1
A,L,1
C,X,1
Y,K,1
R,Y,1
S,B,1
N,V,1
K,A,1
X,Y,1
C,Y,1
A,D,1
Q,S,1
C,F,1
Y,W,1
N,L,1
E,H,1
M,R,1
Z,W,1
J,X,1
Z,R,1
C,T,1
R,J,1
A,H,1
R,D,1
R,L,1
Q,T,1
L,W,1
N,E,1
N,G,1
B,T,1
Q,Y,1
N,K,1
X,Q,1
Y,T,1
F,L,1
C,K,1
X,P,1
C,D,1
V,X,1
Q,E,1
K,T,1
I,H,1
Q,D,1
V,N,1
D,A,1
H,B,1
K,Q,1
P,Y,1
N,Z,1
V,E,1
H,U,1
B,E,1
T,Z,1
D,R,1
H,D,1
H,E,1
K,L,1
U,E,1
T,G,1
W,C,1
G,R,1
W,H,1
B,Z,1
K,F,1
S,L,1
P,L,1
C,Z,1
C,A,1
L,G,1
B,O,1
D,K,1
G,E,1
G,I,1
W,T,1
S,T,1
W,P,1
K,H,1
K,Y,1
I,Q,1
O,T,1
Q,I,1
C,R,1
