outer_fold,model,inner_best_f1_macro_pct,best_params,accuracy_pct,precision_macro_pct,recall_macro_pct,f1_macro_pct
1,KNN,96.52794936694337,"{""model__n_neighbors"": 3, ""model__p"": 1, ""model__weights"": ""distance""}",96.99209294820075,96.81395090910824,96.79370505285479,96.79529033147962
1,Decision Tree,93.0264704526764,"{""model__criterion"": ""entropy"", ""model__max_depth"": 20, ""model__min_samples_leaf"": 2, ""model__min_samples_split"": 2}",93.65176698402453,93.21431925129188,93.15123078909757,93.16504611257861
1,Random Forest,96.57695284369169,"{""model__max_depth"": 30, ""model__max_features"": ""log2"", ""model__min_samples_leaf"": 1, ""model__n_estimators"": 800}",97.05664030982733,96.90081157465183,96.86393144585736,96.86866978398493
1,HistGradientBoosting,97.0520215623802,"{""model__early_stopping"": false, ""model__l2_regularization"": 0.0, ""model__learning_rate"": 0.05, ""model__max_iter"": 800, ""model__max_leaf_nodes"": 31, ""model__min_samples_leaf"": 40}",97.57301920284009,97.46219154735923,97.43362052537546,97.43975974952998
1,Approx RBF SVM,95.80769332518632,"{""model__linear_svm__C"": 10.0, ""model__rbf_features__gamma"": 0.003, ""model__rbf_features__n_components"": 500}",96.26270776182024,95.93937912018102,96.05421684405871,95.98615711677654
2,KNN,96.509363592248,"{""model__n_neighbors"": 3, ""model__p"": 1, ""model__weights"": ""distance""}",97.13409714377926,96.96619527526083,96.88668742814686,96.92036632929941
2,Decision Tree,92.92316332295334,"{""model__criterion"": ""entropy"", ""model__max_depth"": 20, ""model__min_samples_leaf"": 1, ""model__min_samples_split"": 5}",93.74858802646442,93.30113322629003,93.23477765705816,93.26335183833898
2,Random Forest,96.63719824235508,"{""model__max_depth"": 30, ""model__max_features"": ""log2"", ""model__min_samples_leaf"": 1, ""model__n_estimators"": 1000}",97.03727610133936,96.83773562586093,96.71026564294247,96.76217197586536
2,HistGradientBoosting,97.08604200506919,"{""model__early_stopping"": false, ""model__l2_regularization"": 0.0, ""model__learning_rate"": 0.05, ""model__max_iter"": 800, ""model__max_leaf_nodes"": 31, ""model__min_samples_leaf"": 40}",97.42133290301759,97.25936973076615,97.15688638841435,97.1996873201542
2,Approx RBF SVM,95.84966412151141,"{""model__linear_svm__C"": 10.0, ""model__rbf_features__gamma"": 0.01, ""model__rbf_features__n_components"": 500}",96.51444247216395,96.14911866486,96.24468227022138,96.18619081630052
3,KNN,96.5395278106702,"{""model__n_neighbors"": 3, ""model__p"": 1, ""model__weights"": ""distance""}",97.04373083750201,96.78098350959077,96.82634375497085,96.79673922367502
3,Decision Tree,92.94426633917662,"{""model__criterion"": ""entropy"", ""model__max_depth"": null, ""model__min_samples_leaf"": 2, ""model__min_samples_split"": 2}",93.84218170082298,93.41652532872887,93.31950268497405,93.36134449518725
3,Random Forest,96.67542149961515,"{""model__max_depth"": null, ""model__max_features"": ""sqrt"", ""model__min_samples_leaf"": 1, ""model__n_estimators"": 1000}",97.06954978215265,96.89569124789152,96.87260592476807,96.87288443995257
3,HistGradientBoosting,97.03598481204283,"{""model__early_stopping"": false, ""model__l2_regularization"": 0.0, ""model__learning_rate"": 0.05, ""model__max_iter"": 800, ""model__max_leaf_nodes"": 31, ""model__min_samples_leaf"": 40}",97.45683395191222,97.25436784358583,97.31598756265765,97.27842415064517
3,Approx RBF SVM,95.78743377333997,"{""model__linear_svm__C"": 10.0, ""model__rbf_features__gamma"": 0.003, ""model__rbf_features__n_components"": 500}",96.46603195094401,96.15027582209895,96.28453987314263,96.20909181955749
4,KNN,96.55985038590379,"{""model__n_neighbors"": 3, ""model__p"": 1, ""model__weights"": ""distance""}",96.95972114639814,96.78381445890666,96.77730196432779,96.77669053507226
4,Decision Tree,92.91303430187881,"{""model__criterion"": ""entropy"", ""model__max_depth"": 20, ""model__min_samples_leaf"": 2, ""model__min_samples_split"": 2}",93.76775109734056,93.37225390864539,93.28633544215934,93.32328623155458
4,Random Forest,96.55495105761368,"{""model__max_depth"": 30, ""model__max_features"": ""sqrt"", ""model__min_samples_leaf"": 1, ""model__n_estimators"": 800}",97.05977278595405,96.91806191941126,96.85773640122831,96.87542573668722
4,HistGradientBoosting,97.04156376395495,"{""model__early_stopping"": false, ""model__l2_regularization"": 0.0, ""model__learning_rate"": 0.05, ""model__max_iter"": 800, ""model__max_leaf_nodes"": 31, ""model__min_samples_leaf"": 40}",97.54712109475858,97.39593642831228,97.37292925732869,97.37510187260825
4,Approx RBF SVM,95.8330702727133,"{""model__linear_svm__C"": 10.0, ""model__rbf_features__gamma"": 0.01, ""model__rbf_features__n_components"": 500}",96.06893880712626,95.68836194938099,95.83720636747172,95.74478386119416
5,KNN,96.52638059892114,"{""model__n_neighbors"": 3, ""model__p"": 1, ""model__weights"": ""distance""}",96.95981926738745,96.76473780334524,96.73236819586172,96.74441677052059
5,Decision Tree,92.92322523581853,"{""model__criterion"": ""entropy"", ""model__max_depth"": 20, ""model__min_samples_leaf"": 2, ""model__min_samples_split"": 2}",93.71631434565111,93.29112971708736,93.29544778431101,93.28146742409804
5,Random Forest,96.55465436008055,"{""model__max_depth"": 30, ""model__max_features"": ""sqrt"", ""model__min_samples_leaf"": 1, ""model__n_estimators"": 800}",96.98886558011941,96.80198099913302,96.74933752069566,96.76286661512493
5,HistGradientBoosting,96.99916288439697,"{""model__early_stopping"": false, ""model__l2_regularization"": 0.0, ""model__learning_rate"": 0.05, ""model__max_iter"": 800, ""model__max_leaf_nodes"": 31, ""model__min_samples_leaf"": 40}",97.46328868807488,97.2687354295551,97.27951882883474,97.26473044243984
5,Approx RBF SVM,95.88837533826874,"{""model__linear_svm__C"": 10.0, ""model__rbf_features__gamma"": 0.01, ""model__rbf_features__n_components"": 500}",96.30789091495885,95.91693562046419,96.05146663634318,95.97058535078405
